transaction_id,customer_id,order_date,amount
T01348,C0422,2025-03-18,303.96
T00318,C0096,2025-07-14,244.14
T01179,C0361,2025-03-10,24.04
T01658,C0504,2025-03-05,371.65
T00406,C0124,2025-04-07,289.19
T00360,C0108,2025-03-17,354.88
T00424,C0129,2025-08-12,158.39
T00813,C0243,2025-03-02,313.1
T00730,C0224,2025-08-24,71.19
T00419,C0126,2025-11-06,148.13
T01680,C0510,2025-03-01,277.96
T00058,C0015,2025-04-26,291.48
T00714,C0218,2025-02-02,45.33
T01275,C0397,2025-10-23,279.8
T01896,C0574,2025-03-19,175.72
T01453,C0449,2025-03-07,66.94
T00083,C0024,2025-04-15,249.94
T01536,C0473,2025-11-10,246.68
T00061,C0016,2025-06-14,327.21
T00495,C0154,2025-08-20,166.65
T00227,C0068,2025-10-26,15.63
T01561,C0479,2025-04-16,156.02
T01185,C0365,2025-01-18,217.36
T00351,C0106,2025-09-09,262.45
T01631,C0496,2025-08-08,234.83
T01116,C0347,2025-03-16,291.18
T00326,C0098,2025-04-26,210.03
T01320,C0412,2025-08-26,20.78
T00451,C0140,2025-10-21,354.03
T01668,C0506,2025-10-04,191.22
T00541,C0164,2025-10-11,241.28
T01816,C0548,2025-12-28,129.94
T00226,C0067,2025-01-08,142.11
T00277,C0080,2025-11-17,109.55
T01649,C0503,2025-05-24,301.91
T01234,C0381,2025-01-05,128.78
T00888,C0270,2025-10-09,305.57
T01444,C0447,2025-06-03,225.11
T01932,C0585,2025-06-20,118.0
T00356,C0107,2025-04-25,291.01
T01984,C0600,2025-01-06,47.42
T01430,C0444,2025-02-26,338.56
T01823,C0550,2025-08-07,363.94
T01423,C0442,2025-11-22,45.98
T00513,C0157,2025-06-22,125.81
T01115,C0346,2025-05-27,137.33
T00616,C0185,2025-12-21,66.03
T01264,C0392,2025-02-07,392.67
T01674,C0506,2025-05-06,195.53
T01261,C0390,2025-09-20,310.1
T01161,C0356,2025-01-28,207.3
T00263,C0079,2025-08-22,118.4
T00131,C0042,2025-12-22,393.48
T01853,C0560,2025-07-14,300.91
T00320,C0097,2025-02-27,278.35
T00206,C0062,2025-01-22,283.48
T01015,C0315,2025-08-24,162.49
T01368,C0426,2025-05-11,180.17
T01281,C0401,2025-10-04,346.2
T00391,C0119,2025-06-14,286.18
T00667,C0208,2025-12-06,308.94
T01437,C0447,2025-01-18,106.96
T00857,C0258,2025-01-01,248.77
T00853,C0256,2025-05-28,338.41
T00914,C0283,2025-01-09,227.12
T00147,C0046,2025-09-09,37.5
T01137,C0353,2025-07-07,290.33
T00643,C0197,2025-03-05,21.4
T00025,C0007,2025-01-26,268.09
T00777,C0234,2025-01-16,381.24
T01390,C0434,2025-07-17,245.77
T00464,C0145,2025-08-17,287.2
T00052,C0011,2025-05-02,332.31
T01049,C0325,2025-07-27,132.19
T00514,C0157,2025-11-20,50.37
T00692,C0212,2025-01-04,81.22
T01981,C0600,2025-05-24,314.89
T00264,C0079,2025-07-10,273.78
T01331,C0416,2025-08-08,258.91
T01039,C0320,2025-11-27,185.09
T01124,C0350,2025-09-07,180.17
T01657,C0504,2025-08-02,260.65
T00820,C0245,2025-07-06,164.2
T01445,C0447,2025-02-28,87.09
T01283,C0402,2025-04-11,395.07
T00138,C0045,2025-09-08,238.97
T00517,C0159,2025-09-02,53.8
T00155,C0050,2025-12-25,94.32
T01036,C0320,2025-08-03,327.67
T01384,C0432,2025-07-13,216.93
T00082,C0023,2025-06-09,387.87
T01864,C0564,2025-01-01,33.85
T01225,C0378,2025-10-06,92.32
T01697,C0515,2025-07-16,326.48
T00900,C0275,2025-11-07,47.66
T01003,C0312,2025-02-01,262.53
T01294,C0404,2025-03-12,139.62
T01795,C0543,2025-06-06,192.11
T00867,C0261,2025-05-14,114.68
T00009,C0001,2025-06-27,345.94
T01890,C0572,2025-03-16,372.51
T00306,C0093,2025-04-12,318.93
T01840,C0555,2025-05-23,326.25
T00087,C0025,2025-11-18,24.52
T00755,C0229,2025-08-05,208.19
T00941,C0292,2025-08-25,53.37
T01522,C0469,2025-05-09,163.61
T01731,C0526,2025-08-22,398.86
T01813,C0546,2025-08-06,348.36
T01472,C0455,2025-08-16,394.31
T00282,C0083,2025-03-02,109.12
T00908,C0279,2025-12-06,273.14
T01852,C0560,2025-08-03,255.85
T00378,C0113,2025-10-28,142.57
T00738,C0225,2025-09-06,105.93
T01574,C0483,2025-10-13,133.0
T00567,C0170,2025-08-05,244.57
T00615,C0185,2025-09-18,252.59
T00507,C0155,2025-07-01,168.06
T01673,C0506,2025-11-15,256.63
T01686,C0511,2025-05-18,393.26
T00522,C0161,2025-08-19,208.1
T01707,C0519,2025-02-08,306.33
T01722,C0523,2025-03-09,76.55
T01503,C0467,2025-02-02,385.5
T00346,C0103,2025-07-10,360.76
T00063,C0016,2025-02-11,252.99
T01101,C0342,2025-09-17,254.01
T00239,C0071,2025-08-05,158.53
T00598,C0176,2025-06-18,360.13
T01630,C0496,2025-04-18,146.95
T00004,C0001,2025-03-09,269.65
T00812,C0242,2025-11-01,131.46
T01651,C0503,2025-06-04,233.24
T01774,C0539,2025-01-23,300.84
T00646,C0199,2025-12-04,337.05
T01257,C0390,2025-12-21,63.12
T00922,C0286,2025-04-14,233.49
T00783,C0235,2025-03-08,284.26
T00135,C0044,2025-10-18,159.62
T01020,C0316,2025-01-26,122.06
T00471,C0147,2025-04-11,373.93
T01291,C0404,2025-08-04,271.96
T00128,C0040,2025-05-19,339.86
T01783,C0540,2025-12-18,114.61
T01838,C0555,2025-10-11,329.59
T01247,C0387,2025-01-19,322.13
T01272,C0394,2025-12-26,38.24
T01285,C0403,2025-04-27,162.93
T00569,C0170,2025-04-06,157.91
T01844,C0555,2025-05-27,106.75
T00109,C0034,2025-03-16,71.47
T01140,C0354,2025-06-21,48.45
T00312,C0095,2025-08-28,345.07
T01883,C0571,2025-11-21,222.08
T01959,C0596,2025-07-22,395.28
T01402,C0437,2025-11-18,39.84
T01382,C0431,2025-10-14,58.96
T00837,C0251,2025-04-11,49.19
T01125,C0350,2025-03-12,121.57
T00707,C0214,2025-04-18,319.55
T00211,C0062,2025-09-03,178.67
T00987,C0306,2025-01-03,168.21
T01205,C0373,2025-09-02,31.87
T00020,C0005,2025-11-05,325.43
T01449,C0448,2025-01-21,227.29
T01905,C0577,2025-06-04,371.35
T01593,C0487,2025-04-25,250.55
T01945,C0591,2025-08-11,51.01
T00925,C0286,2025-09-10,215.6
T01606,C0492,2025-07-25,102.82
T00810,C0242,2025-02-17,206.2
T00559,C0167,2025-02-15,361.8
T00685,C0211,2025-10-14,283.51
T01734,C0527,2025-11-02,181.8
T01244,C0385,2025-03-14,184.35
T00400,C0123,2025-01-28,319.68
T01679,C0509,2025-08-02,263.3
T00614,C0185,2025-04-16,134.57
T01916,C0580,2025-01-22,255.96
T00771,C0232,2025-11-09,389.74
T00585,C0175,2025-02-11,288.14
T00361,C0108,2025-03-10,276.37
T01224,C0378,2025-04-15,199.98
T01821,C0550,2025-10-17,197.76
T00842,C0253,2025-06-05,156.83
T00866,C0261,2025-06-27,192.23
T00491,C0153,2025-01-07,136.84
T00479,C0149,2025-11-22,202.21
T01149,C0355,2025-08-25,330.02
T00313,C0095,2025-07-01,78.74
T00901,C0275,2025-10-10,275.23
T00177,C0055,2025-10-03,389.26
T00259,C0079,2025-07-25,274.68
T00223,C0067,2025-02-28,208.03
T00404,C0123,2025-08-14,192.8
T01575,C0483,2025-12-19,214.71
T01758,C0530,2025-12-14,379.41
T00139,C0045,2025-06-17,150.72
T01403,C0437,2025-07-27,323.32
T00436,C0134,2025-07-07,85.46
T00611,C0183,2025-01-07,236.71
T01743,C0529,2025-06-04,338.58
T00194,C0057,2025-04-14,71.83
T00605,C0180,2025-09-23,337.9
T00353,C0107,2025-11-18,219.53
T01220,C0377,2025-07-26,214.0
T01425,C0442,2025-12-04,131.53
T00196,C0057,2025-04-23,61.66
T00626,C0192,2025-12-19,174.15
T00442,C0136,2025-06-20,21.57
T00334,C0100,2025-06-10,158.61
T00297,C0089,2025-09-24,308.73
T01903,C0576,2025-03-25,399.74
T01014,C0314,2025-08-22,322.13
T00850,C0254,2025-10-26,236.85
T00683,C0211,2025-05-06,95.72
T00726,C0224,2025-08-02,20.71
T00501,C0155,2025-02-01,33.24
T00006,C0001,2025-11-17,119.16
T00954,C0296,2025-06-09,355.63
T01212,C0376,2025-03-20,140.14
T00825,C0247,2025-08-23,386.32
T00589,C0176,2025-07-18,109.65
T01175,C0359,2025-07-16,252.65
T01669,C0506,2025-11-15,60.04
T01292,C0404,2025-09-04,289.81
T00988,C0306,2025-03-14,228.28
T01520,C0469,2025-05-11,345.33
T01476,C0456,2025-04-22,88.84
T00570,C0170,2025-03-05,275.23
T00293,C0086,2025-07-28,135.12
T00928,C0288,2025-09-01,309.9
T01708,C0520,2025-06-04,87.79
T00563,C0168,2025-12-02,20.43
T00967,C0299,2025-04-16,239.49
T00779,C0234,2025-02-27,208.49
T01616,C0493,2025-04-26,24.45
T00841,C0253,2025-04-04,178.47
T00937,C0292,2025-10-25,174.65
T00447,C0138,2025-08-02,301.42
T01346,C0421,2025-11-01,301.77
T00817,C0244,2025-02-23,305.59
T01567,C0481,2025-08-03,287.27
T01635,C0496,2025-04-10,339.62
T01002,C0311,2025-02-16,244.21
T01979,C0600,2025-01-11,229.33
T00086,C0025,2025-01-25,292.62
T00003,C0001,2025-05-24,294.96
T01834,C0553,2025-07-25,341.81
T00245,C0074,2025-09-17,355.08
T01874,C0567,2025-09-13,202.71
T00027,C0007,2025-06-07,204.46
T01833,C0553,2025-06-15,290.75
T00767,C0230,2025-03-18,379.8
T00943,C0293,2025-04-27,106.35
T01619,C0493,2025-02-11,383.97
T01710,C0520,2025-10-08,319.65
T00232,C0069,2025-08-28,287.25
T01415,C0440,2025-10-04,277.87
T00233,C0069,2025-12-06,229.64
T00599,C0177,2025-12-26,300.65
T01435,C0446,2025-08-21,112.0
T00673,C0208,2025-04-26,20.16
T00336,C0100,2025-08-13,177.63
T01160,C0356,2025-02-20,375.17
T00359,C0108,2025-11-12,234.11
T00347,C0103,2025-04-02,167.08
T00022,C0005,2025-07-14,40.91
T00385,C0117,2025-03-01,195.18
T01278,C0399,2025-08-08,224.46
T01327,C0414,2025-07-08,240.49
T01803,C0546,2025-08-17,195.3
T00012,C0001,2025-08-01,190.25
T00323,C0097,2025-11-14,71.04
T01189,C0367,2025-12-04,56.4
T00933,C0291,2025-04-23,201.83
T00433,C0133,2025-12-13,135.94
T01248,C0387,2025-11-26,27.46
T00764,C0230,2025-08-08,136.14
T00715,C0219,2025-11-03,168.84
T01111,C0345,2025-03-03,277.77
T00587,C0176,2025-06-02,169.28
T00680,C0211,2025-01-17,85.42
T01455,C0449,2025-10-09,348.42
T01767,C0536,2025-04-04,221.22
T00623,C0189,2025-07-13,99.51
T01357,C0425,2025-05-03,322.47
T00809,C0242,2025-11-03,49.8
T00307,C0093,2025-01-15,217.73
T01608,C0493,2025-12-23,140.78
T01566,C0481,2025-06-11,98.06
T00278,C0081,2025-04-19,132.23
T00298,C0089,2025-02-08,138.23
T00681,C0211,2025-11-01,248.39
T01701,C0516,2025-01-08,331.26
T01317,C0411,2025-06-13,24.81
T00280,C0083,2025-12-23,359.29
T01432,C0445,2025-04-23,251.01
T00001,C0001,2025-09-11,376.49
T00965,C0298,2025-03-18,16.09
T00279,C0082,2025-09-06,241.47
T00329,C0099,2025-11-24,270.66
T00122,C0036,2025-04-26,326.28
T00959,C0297,2025-04-26,254.33
T00390,C0119,2025-05-19,174.59
T00153,C0048,2025-06-04,293.57
T01876,C0567,2025-02-07,355.14
T00015,C0003,2025-07-05,258.58
T01700,C0516,2025-03-03,280.35
T01081,C0334,2025-04-07,165.85
T00982,C0304,2025-03-19,65.25
T00299,C0090,2025-01-05,285.89
T01958,C0596,2025-11-02,289.91
T01197,C0370,2025-11-07,201.66
T00887,C0269,2025-05-08,248.73
T01930,C0584,2025-05-11,262.67
T00481,C0149,2025-01-05,275.36
T01973,C0599,2025-07-13,217.07
T01043,C0321,2025-01-01,356.63
T01046,C0323,2025-06-27,380.94
T01311,C0409,2025-02-13,88.05
T00883,C0268,2025-08-15,126.71
T01019,C0316,2025-02-09,46.69
T00071,C0019,2025-09-26,352.25
T01738,C0527,2025-09-04,129.41
T00243,C0073,2025-01-04,211.99
T00951,C0296,2025-10-26,120.83
T00602,C0180,2025-01-24,182.18
T01881,C0570,2025-12-25,218.39
T01201,C0371,2025-07-27,156.94
T01262,C0391,2025-11-22,206.94
T00768,C0231,2025-08-28,382.12
T01141,C0354,2025-01-03,337.2
T00923,C0286,2025-04-05,235.95
T00283,C0083,2025-02-22,384.31
T00689,C0212,2025-06-26,190.73
T01948,C0592,2025-12-26,102.52
T01726,C0524,2025-12-11,104.42
T01712,C0520,2025-12-16,49.99
T01847,C0557,2025-01-10,279.42
T00747,C0227,2025-03-13,103.78
T00512,C0156,2025-08-16,299.48
T01652,C0503,2025-08-02,357.96
T01873,C0566,2025-07-25,43.97
T01682,C0510,2025-02-12,310.89
T00670,C0208,2025-10-12,204.84
T01050,C0325,2025-10-18,129.87
T00662,C0204,2025-05-01,81.85
T01869,C0566,2025-12-16,124.11
T00413,C0126,2025-04-17,135.35
T00802,C0241,2025-01-12,291.35
T00789,C0238,2025-09-07,335.44
T01882,C0571,2025-08-01,125.29
T01217,C0376,2025-02-17,278.6
T01128,C0350,2025-11-16,292.75
T01401,C0437,2025-12-25,325.69
T00095,C0027,2025-02-19,179.76
T00892,C0272,2025-12-11,88.9
T00963,C0297,2025-03-19,284.76
T01102,C0342,2025-05-08,349.11
T01597,C0490,2025-08-08,215.36
T01200,C0371,2025-10-21,201.33
T00369,C0108,2025-09-07,289.86
T01235,C0381,2025-02-19,350.21
T00175,C0053,2025-01-01,372.69
T01706,C0519,2025-03-13,279.35
T01076,C0332,2025-08-27,207.79
T01351,C0424,2025-06-06,388.51
T00529,C0163,2025-07-01,78.9
T00999,C0310,2025-06-17,74.98
T00193,C0056,2025-04-20,263.76
T01602,C0490,2025-03-10,384.52
T01944,C0590,2025-11-03,257.18
T01333,C0417,2025-09-28,91.28
T01068,C0331,2025-02-04,169.95
T00629,C0194,2025-09-25,213.42
T00036,C0008,2025-09-19,119.4
T01725,C0523,2025-08-16,278.55
T01236,C0382,2025-11-09,365.03
T01934,C0587,2025-09-15,365.62
T01920,C0580,2025-07-22,387.14
T00905,C0278,2025-09-04,378.24
T00677,C0211,2025-06-18,232.95
T00019,C0005,2025-11-24,342.32
T00996,C0308,2025-04-02,80.03
T00411,C0126,2025-11-03,36.7
T00157,C0050,2025-05-22,217.31
T01879,C0569,2025-03-20,215.91
T00260,C0079,2025-11-12,218.02
T00698,C0213,2025-01-17,189.73
T00816,C0244,2025-09-28,385.5
T00902,C0276,2025-08-05,280.48
T01551,C0477,2025-10-02,347.5
T01316,C0410,2025-06-26,155.65
T01163,C0357,2025-02-17,77.56
T01790,C0542,2025-11-08,149.24
T00482,C0150,2025-06-10,331.77
T01243,C0384,2025-02-08,114.48
T01282,C0402,2025-11-13,341.51
T01040,C0320,2025-06-07,352.75
T00154,C0049,2025-12-27,21.28
T01662,C0504,2025-09-28,280.19
T00544,C0165,2025-10-06,274.74
T01483,C0460,2025-01-08,124.47
T00619,C0187,2025-10-13,360.31
T00791,C0238,2025-09-01,241.46
T00362,C0108,2025-12-19,201.85
T01075,C0332,2025-07-26,367.58
T00358,C0108,2025-01-13,163.81
T00185,C0056,2025-09-26,370.38
T00671,C0208,2025-12-02,25.72
T00526,C0163,2025-05-02,320.39
T01242,C0384,2025-03-05,129.72
T00539,C0164,2025-12-05,196.87
T01815,C0547,2025-11-01,172.29
T01744,C0529,2025-12-23,136.26
T00984,C0305,2025-09-21,272.47
T01956,C0595,2025-02-26,226.55
T00314,C0095,2025-02-10,193.59
T01414,C0439,2025-12-28,347.92
T00833,C0250,2025-10-03,300.63
T01084,C0336,2025-07-04,302.65
T00418,C0126,2025-02-14,287.29
T01730,C0526,2025-06-19,331.53
T00184,C0056,2025-12-01,51.36
T01399,C0437,2025-10-28,335.8
T01523,C0469,2025-06-19,126.51
T00401,C0123,2025-04-01,320.54
T01939,C0589,2025-11-11,382.34
T00651,C0200,2025-07-01,260.65
T01543,C0474,2025-11-11,342.74
T01064,C0328,2025-05-05,174.73
T01059,C0328,2025-07-03,310.28
T00316,C0096,2025-10-28,40.05
T00068,C0018,2025-09-18,171.91
T01143,C0355,2025-11-15,77.52
T00455,C0142,2025-11-17,243.06
T00606,C0180,2025-08-07,55.67
T01542,C0474,2025-06-21,75.76
T00516,C0159,2025-05-23,34.13
T00089,C0027,2025-12-01,249.66
T00219,C0067,2025-04-15,321.95
T01442,C0447,2025-12-16,71.85
T00603,C0180,2025-10-20,380.92
T01895,C0574,2025-08-16,216.92
T01173,C0359,2025-01-15,214.69
T01387,C0433,2025-02-26,112.08
T00889,C0270,2025-01-16,33.65
T01942,C0590,2025-02-07,207.13
T00876,C0265,2025-06-06,64.53
T01552,C0477,2025-08-18,38.94
T01429,C0444,2025-02-08,171.43
T00583,C0175,2025-07-14,298.51
T00787,C0237,2025-11-17,300.87
T00499,C0155,2025-12-16,287.76
T00340,C0100,2025-11-11,200.4
T01967,C0598,2025-06-08,30.34
T00788,C0238,2025-10-03,193.73
T01451,C0448,2025-01-19,326.46
T01641,C0499,2025-12-19,298.84
T01792,C0543,2025-10-23,382.41
T01636,C0496,2025-11-22,396.27
T01446,C0447,2025-09-28,234.45
T00397,C0121,2025-06-23,96.74
T01126,C0350,2025-07-03,36.47
T01507,C0467,2025-01-13,40.21
T00886,C0268,2025-08-23,134.7
T01131,C0350,2025-09-08,100.96
T01917,C0580,2025-11-11,154.99
T00238,C0070,2025-09-21,383.6
T01661,C0504,2025-05-16,129.46
T01759,C0531,2025-06-23,293.28
T01858,C0562,2025-07-27,19.72
T00014,C0003,2025-10-27,261.15
T00794,C0238,2025-05-28,273.33
T00630,C0194,2025-01-06,391.38
T00416,C0126,2025-03-22,52.17
T01135,C0352,2025-06-24,253.58
T00766,C0230,2025-09-06,274.79
T01837,C0555,2025-05-26,57.69
T01835,C0554,2025-05-24,189.93
T01345,C0421,2025-04-07,260.01
T00437,C0135,2025-09-16,113.48
T00678,C0211,2025-10-25,171.61
T01827,C0551,2025-03-22,135.46
T00368,C0108,2025-04-23,353.7
T01980,C0600,2025-11-24,235.89
T01614,C0493,2025-04-11,365.15
T00337,C0100,2025-12-17,205.25
T01781,C0540,2025-06-07,372.98
T01167,C0358,2025-03-06,167.17
T01577,C0483,2025-05-12,254.63
T00037,C0008,2025-02-23,262.56
T01082,C0335,2025-07-27,172.7
T00834,C0250,2025-05-04,184.61
T01843,C0555,2025-09-18,74.63
T00899,C0274,2025-10-28,303.88
T01012,C0313,2025-02-07,129.9
T01776,C0540,2025-11-14,34.65
T01165,C0358,2025-02-05,138.48
T00428,C0131,2025-01-08,349.87
T00661,C0203,2025-10-15,279.77
T00127,C0039,2025-09-19,349.65
T00276,C0080,2025-09-21,153.39
T00200,C0060,2025-09-01,47.76
T00864,C0260,2025-08-09,371.39
T00256,C0079,2025-02-24,293.79
T00926,C0286,2025-10-05,319.14
T00731,C0224,2025-09-14,49.96
T01695,C0515,2025-10-09,124.05
T01559,C0479,2025-10-10,162.95
T00216,C0064,2025-09-19,91.0
T01408,C0437,2025-04-23,388.22
T00947,C0296,2025-03-25,23.08
T01448,C0448,2025-04-11,387.23
T01227,C0379,2025-07-23,122.77
T01355,C0425,2025-01-08,354.94
T00924,C0286,2025-02-20,274.75
T01310,C0409,2025-09-12,332.95
T00653,C0200,2025-04-22,140.46
T00594,C0176,2025-03-08,336.74
T01747,C0530,2025-09-04,242.25
T01452,C0448,2025-08-12,55.6
T00625,C0191,2025-09-26,283.19
T01705,C0518,2025-11-28,316.15
T01364,C0426,2025-06-20,153.07
T01066,C0329,2025-12-07,238.79
T01590,C0486,2025-09-08,119.9
T00581,C0175,2025-10-26,124.67
T01909,C0579,2025-04-03,80.72
T01226,C0378,2025-11-16,34.22
T01018,C0316,2025-03-19,138.39
T00166,C0051,2025-02-23,103.04
T01117,C0347,2025-05-06,178.64
T00345,C0102,2025-04-27,53.31
T01860,C0563,2025-07-04,353.24
T00007,C0001,2025-03-04,321.26
T00530,C0163,2025-01-04,54.28
T01026,C0317,2025-09-11,150.33
T00033,C0007,2025-12-12,34.65
T01386,C0433,2025-12-25,56.86
T01906,C0577,2025-11-25,194.27
T00421,C0128,2025-04-26,312.24
T00304,C0093,2025-02-10,386.25
T00800,C0239,2025-02-26,392.91
T01859,C0562,2025-07-10,293.95
T01687,C0511,2025-05-04,233.31
T00684,C0211,2025-06-11,239.72
T00584,C0175,2025-07-07,208.9
T01493,C0464,2025-02-01,61.83
T01494,C0465,2025-05-05,179.52
T01849,C0557,2025-02-01,110.85
T01760,C0531,2025-06-18,322.82
T00649,C0200,2025-08-10,166.07
T01646,C0502,2025-06-16,240.04
T00838,C0251,2025-04-10,170.03
T01353,C0424,2025-12-11,183.8
T00601,C0179,2025-10-27,285.39
T01692,C0513,2025-05-13,285.96
T00844,C0253,2025-03-12,247.65
T00371,C0110,2025-05-28,223.53
T00595,C0176,2025-01-27,320.79
T01186,C0366,2025-03-27,251.84
T01090,C0336,2025-06-25,330.71
T01441,C0447,2025-07-16,258.66
T00884,C0268,2025-06-06,271.43
T00865,C0260,2025-07-11,201.85
T01671,C0506,2025-09-16,189.67
T01842,C0555,2025-02-14,15.37
T00752,C0229,2025-10-21,197.9
T01436,C0447,2025-05-14,27.12
T00536,C0163,2025-02-12,288.45
T01887,C0571,2025-12-01,222.7
T01486,C0462,2025-12-13,89.34
T00702,C0214,2025-01-22,228.29
T01328,C0415,2025-06-19,324.14
T00322,C0097,2025-12-02,42.39
T00785,C0236,2025-09-17,139.94
T00213,C0063,2025-08-08,388.81
T01643,C0501,2025-02-23,351.71
T00918,C0285,2025-06-28,165.55
T01464,C0449,2025-04-13,278.94
T00096,C0027,2025-08-16,118.89
T00572,C0171,2025-03-20,387.58
T01623,C0494,2025-08-20,212.31
T00040,C0010,2025-05-23,54.76
T01176,C0360,2025-10-24,290.82
T00050,C0011,2025-12-27,148.28
T00596,C0176,2025-03-28,232.53
T00440,C0136,2025-01-07,123.44
T01298,C0404,2025-11-08,53.07
T01107,C0344,2025-01-26,23.15
T00292,C0086,2025-08-24,238.18
T00638,C0196,2025-07-27,371.67
T00946,C0295,2025-10-14,389.78
T01254,C0389,2025-11-13,133.51
T01836,C0554,2025-09-04,38.87
T01517,C0468,2025-10-10,399.73
T01976,C0599,2025-07-28,119.68
T00134,C0044,2025-03-25,354.9
T01748,C0530,2025-05-27,251.07
T00402,C0123,2025-10-04,217.26
T00856,C0258,2025-06-02,339.91
T00212,C0062,2025-11-04,233.84
T00932,C0291,2025-08-26,67.7
T00617,C0186,2025-02-01,37.36
T00912,C0282,2025-04-23,159.17
T01665,C0506,2025-10-10,15.66
T00786,C0236,2025-01-01,260.3
T01088,C0336,2025-09-16,283.2
T00774,C0233,2025-01-10,201.67
T01908,C0578,2025-04-21,78.08
T00749,C0228,2025-06-15,193.38
T00746,C0227,2025-03-19,384.12
T01699,C0515,2025-11-20,288.37
T01409,C0437,2025-02-21,39.65
T00124,C0037,2025-06-08,88.96
T01618,C0493,2025-03-08,199.71
T01953,C0594,2025-10-12,61.88
T00985,C0306,2025-12-02,114.65
T01751,C0530,2025-11-28,78.33
T01491,C0463,2025-04-03,277.02
T00504,C0155,2025-09-02,91.09
T00148,C0047,2025-04-20,326.18
T00542,C0165,2025-10-09,49.73
T01555,C0479,2025-06-28,19.06
T00477,C0149,2025-10-19,186.37
T00204,C0061,2025-03-27,185.07
T01404,C0437,2025-09-03,119.13
T00798,C0239,2025-11-27,305.55
T01251,C0388,2025-12-17,362.4
T00117,C0035,2025-01-02,107.92
T01426,C0442,2025-10-01,144.92
T00763,C0230,2025-12-10,271.74
T01663,C0505,2025-06-14,259.4
T01716,C0522,2025-10-11,211.08
T00217,C0065,2025-01-21,155.57
T00125,C0037,2025-06-08,205.04
T01198,C0370,2025-08-24,374.73
T01055,C0326,2025-01-21,357.36
T01044,C0321,2025-09-11,373.51
T01042,C0321,2025-02-11,143.73
T01703,C0517,2025-06-13,342.98
T01207,C0375,2025-10-27,293.48
T00534,C0163,2025-01-03,207.6
T00467,C0145,2025-08-28,105.64
T00578,C0174,2025-04-27,94.54
T01650,C0503,2025-07-21,206.52
T01407,C0437,2025-11-06,37.62
T00462,C0144,2025-07-18,259.56
T00234,C0069,2025-04-04,61.72
T01045,C0322,2025-08-04,357.34
T01519,C0469,2025-01-03,341.92
T01752,C0530,2025-09-14,19.06
T01810,C0546,2025-08-26,347.62
T01439,C0447,2025-11-06,238.83
T00792,C0238,2025-05-08,227.48
T01440,C0447,2025-03-24,238.47
T01685,C0511,2025-08-22,75.66
T01218,C0376,2025-04-09,389.98
T00328,C0099,2025-02-28,252.61
T01397,C0436,2025-12-15,337.64
T00882,C0268,2025-06-14,325.46
T00429,C0132,2025-01-09,315.76
T01094,C0339,2025-01-22,333.84
T00848,C0253,2025-03-13,180.07
T00244,C0074,2025-07-07,265.95
T00132,C0043,2025-01-21,306.8
T00382,C0115,2025-10-18,228.85
T01745,C0529,2025-11-18,38.26
T01688,C0512,2025-05-15,89.71
T00158,C0050,2025-02-07,268.76
T00315,C0096,2025-04-02,150.23
T01166,C0358,2025-03-23,99.85
T01615,C0493,2025-11-24,210.16
T01531,C0473,2025-08-09,30.26
T01413,C0439,2025-11-22,258.2
T00550,C0166,2025-01-26,290.24
T00487,C0152,2025-01-21,85.03
T01794,C0543,2025-01-22,313.15
T01515,C0468,2025-10-02,52.12
T01010,C0313,2025-09-16,78.74
T00944,C0294,2025-11-15,248.63
T01677,C0507,2025-01-10,386.35
T01417,C0440,2025-06-07,165.78
T00275,C0080,2025-12-12,130.01
T01038,C0320,2025-04-20,293.48
T01544,C0474,2025-04-19,206.2
T00300,C0090,2025-10-15,282.43
T01329,C0415,2025-12-07,105.64
T00030,C0007,2025-05-17,347.77
T01718,C0522,2025-06-10,165.11
T01785,C0541,2025-09-18,264.28
T01230,C0380,2025-04-28,262.57
T00930,C0290,2025-09-14,336.09
T00770,C0231,2025-08-27,397.29
T00126,C0038,2025-08-06,388.48
T01584,C0484,2025-07-21,364.77
T01183,C0364,2025-03-25,60.39
T00831,C0250,2025-06-24,191.59
T01572,C0483,2025-12-28,171.64
T00097,C0028,2025-08-16,146.08
T01252,C0388,2025-02-20,174.73
T00379,C0113,2025-09-28,50.83
T01069,C0331,2025-12-24,113.22
T00655,C0200,2025-06-12,320.05
T01678,C0508,2025-05-16,199.01
T01653,C0503,2025-01-24,82.52
T00031,C0007,2025-10-27,197.98
T00407,C0125,2025-11-04,180.55
T01428,C0443,2025-03-02,230.81
T00195,C0057,2025-08-20,47.71
T00366,C0108,2025-05-26,40.87
T00724,C0222,2025-03-11,102.67
T01178,C0361,2025-05-22,32.46
T01872,C0566,2025-08-03,219.0
T00156,C0050,2025-06-22,215.85
T01548,C0477,2025-04-04,377.95
T01326,C0414,2025-01-02,76.08
T00847,C0253,2025-10-27,96.56
T01372,C0426,2025-04-07,320.77
T01089,C0336,2025-03-03,335.4
T00640,C0196,2025-02-16,186.77
T01359,C0425,2025-02-16,354.52
T01158,C0356,2025-06-06,65.58
T00666,C0207,2025-03-07,258.02
T00772,C0232,2025-06-19,258.54
T01798,C0543,2025-10-11,204.42
T01891,C0573,2025-06-27,154.59
T00612,C0183,2025-06-05,56.41
T00180,C0055,2025-09-27,205.37
T00090,C0027,2025-05-14,49.72
T00915,C0284,2025-10-24,395.22
T01363,C0426,2025-05-03,209.41
T00921,C0286,2025-01-12,225.4
T00285,C0083,2025-08-11,279.49
T00634,C0195,2025-01-02,177.06
T01866,C0566,2025-02-05,373.15
T00435,C0134,2025-10-08,399.35
T01418,C0441,2025-01-01,88.95
T01208,C0376,2025-09-19,129.34
T01427,C0442,2025-03-23,47.37
T00225,C0067,2025-08-06,188.95
T01588,C0485,2025-01-03,261.75
T00948,C0296,2025-05-24,238.44
T00660,C0202,2025-10-22,346.5
T01021,C0316,2025-03-16,47.51
T01147,C0355,2025-01-13,356.96
T01740,C0528,2025-11-23,292.25
T00576,C0173,2025-06-11,53.75
T00294,C0087,2025-12-22,247.7
T00384,C0117,2025-09-24,79.43
T00107,C0033,2025-09-09,238.26
T01391,C0435,2025-07-07,199.78
T01851,C0559,2025-09-08,117.9
T00430,C0133,2025-07-26,51.39
T01599,C0490,2025-11-23,154.0
T01553,C0478,2025-03-02,141.56
T00478,C0149,2025-10-20,368.63
T00485,C0151,2025-08-03,272.79
T00210,C0062,2025-01-13,350.08
T01524,C0470,2025-12-01,42.97
T00652,C0200,2025-06-11,167.84
T01717,C0522,2025-05-12,249.23
T01587,C0485,2025-02-22,78.25
T00966,C0298,2025-11-14,151.97
T01228,C0379,2025-01-07,389.64
T01209,C0376,2025-07-08,105.12
T01766,C0536,2025-03-04,187.92
T00284,C0083,2025-10-24,208.69
T00324,C0097,2025-02-07,214.45
T01496,C0466,2025-06-24,106.4
T00060,C0016,2025-03-26,272.0
T00699,C0213,2025-06-22,259.16
T01256,C0389,2025-05-26,50.79
T00885,C0268,2025-11-01,215.52
T01406,C0437,2025-11-05,224.8
T01528,C0472,2025-01-19,50.92
T01033,C0320,2025-10-22,45.18
T00199,C0059,2025-07-10,172.0
T00466,C0145,2025-09-02,208.15
T01870,C0566,2025-08-23,33.24
T00855,C0257,2025-09-01,352.28
T01601,C0490,2025-11-04,299.46
T00133,C0043,2025-02-09,173.98
T01467,C0452,2025-01-11,397.97
T00998,C0309,2025-02-11,169.34
T01605,C0492,2025-01-12,85.01
T00929,C0289,2025-09-22,220.99
T01136,C0353,2025-07-27,26.87
T00248,C0077,2025-06-25,82.11
T01013,C0313,2025-09-17,176.82
T00427,C0131,2025-01-19,289.45
T00459,C0143,2025-01-26,181.29
T01009,C0313,2025-05-08,177.94
T00815,C0244,2025-11-14,231.05
T01825,C0550,2025-10-19,228.5
T00870,C0263,2025-08-16,142.04
T00498,C0155,2025-04-11,278.11
T00565,C0169,2025-06-22,277.67
T01804,C0546,2025-09-21,27.74
T01927,C0584,2025-05-22,398.13
T00333,C0100,2025-05-27,72.52
T00854,C0257,2025-04-28,219.0
T00745,C0227,2025-05-13,76.24
T00215,C0063,2025-06-01,66.19
T00469,C0146,2025-12-06,264.72
T00489,C0152,2025-11-09,94.59
T00753,C0229,2025-07-07,148.01
T00582,C0175,2025-09-05,194.04
T00255,C0079,2025-03-16,91.57
T01321,C0412,2025-03-24,360.55
T01829,C0551,2025-04-02,136.79
T00073,C0021,2025-10-17,191.38
T00310,C0095,2025-08-10,97.89
T01985,C0600,2025-01-13,49.49
T01103,C0342,2025-06-25,279.84
T00840,C0252,2025-06-15,22.41
T01061,C0328,2025-08-15,81.65
T00860,C0259,2025-09-04,115.42
T00045,C0011,2025-12-24,51.99
T01352,C0424,2025-06-05,154.72
T01120,C0349,2025-09-08,300.36
T00978,C0302,2025-08-09,382.38
T00642,C0196,2025-02-18,397.59
T01526,C0471,2025-07-07,29.35
T01412,C0439,2025-05-17,391.85
T00744,C0227,2025-09-16,206.94
T00757,C0230,2025-04-18,60.51
T01079,C0333,2025-06-12,305.71
T01585,C0484,2025-10-15,129.24
T01305,C0408,2025-05-23,165.48
T00975,C0302,2025-02-12,16.92
T00144,C0045,2025-07-12,331.68
T00142,C0045,2025-05-02,273.33
T00506,C0155,2025-01-07,93.11
T00556,C0167,2025-07-07,253.47
T01845,C0556,2025-12-19,152.74
T01888,C0571,2025-05-27,237.28
T00588,C0176,2025-12-20,389.63
T00658,C0201,2025-04-26,87.26
T00159,C0050,2025-11-17,36.14
T01846,C0556,2025-02-06,108.22
T01796,C0543,2025-08-10,343.08
T00983,C0305,2025-10-20,109.48
T01017,C0315,2025-01-27,298.13
T00523,C0161,2025-10-12,213.57
T00701,C0213,2025-02-09,222.46
T01105,C0343,2025-06-06,340.19
T01034,C0320,2025-03-21,101.92
T00344,C0102,2025-05-03,15.75
T01110,C0344,2025-04-10,217.49
T01728,C0525,2025-05-25,294.96
T00078,C0021,2025-12-26,213.49
T00712,C0216,2025-07-09,37.44
T00608,C0181,2025-09-14,313.34
T00676,C0210,2025-07-12,351.54
T00104,C0031,2025-04-10,190.76
T01148,C0355,2025-02-01,98.86
T01537,C0474,2025-09-07,395.09
T01894,C0574,2025-03-01,243.41
T00911,C0281,2025-08-07,386.16
T00592,C0176,2025-03-02,397.24
T01968,C0598,2025-11-05,172.17
T00101,C0029,2025-06-13,365.56
T01276,C0398,2025-05-16,225.78
T01239,C0383,2025-07-20,244.82
T01206,C0374,2025-03-22,360.18
T01805,C0546,2025-10-20,251.42
T00647,C0199,2025-09-28,144.28
T00551,C0166,2025-03-15,391.82
T00949,C0296,2025-01-07,267.76
T00935,C0292,2025-10-28,32.6
T00936,C0292,2025-08-04,197.15
T01756,C0530,2025-11-15,314.8
T00221,C0067,2025-09-28,113.46
T01545,C0475,2025-09-28,107.03
T01773,C0539,2025-09-16,248.09
T00115,C0034,2025-04-11,133.58
T00577,C0173,2025-07-16,300.67
T01732,C0527,2025-05-18,50.27
T01312,C0410,2025-12-10,188.59
T00408,C0126,2025-05-18,303.12
T00546,C0165,2025-03-14,320.59
T00706,C0214,2025-03-15,239.91
T01085,C0336,2025-01-01,335.27
T01164,C0357,2025-04-24,152.06
T01096,C0339,2025-04-03,22.55
T01624,C0494,2025-03-19,343.61
T01142,C0355,2025-12-26,365.39
T01961,C0597,2025-11-15,20.76
T01416,C0440,2025-05-13,209.09
T00434,C0133,2025-06-25,371.45
T01196,C0370,2025-06-10,359.27
T00773,C0232,2025-03-11,290.33
T01505,C0467,2025-09-01,295.73
T01054,C0326,2025-09-24,239.19
T01479,C0458,2025-05-19,60.98
T01240,C0383,2025-09-07,240.56
T00756,C0230,2025-09-11,361.0
T00341,C0100,2025-12-22,287.79
T00858,C0259,2025-05-09,58.42
T00046,C0011,2025-11-04,90.97
T00639,C0196,2025-02-08,350.51
T01237,C0383,2025-10-16,375.98
T00782,C0234,2025-06-16,161.88
T00751,C0229,2025-07-08,351.36
T01929,C0584,2025-10-14,372.37
T01215,C0376,2025-10-23,170.25
T01057,C0327,2025-02-04,236.95
T01498,C0466,2025-01-11,114.54
T01130,C0350,2025-03-21,102.75
T00557,C0167,2025-11-16,365.35
T00830,C0249,2025-09-21,120.95
T01265,C0393,2025-06-16,364.28
T00835,C0250,2025-02-27,155.04
T00974,C0302,2025-07-08,52.15
T01168,C0359,2025-03-12,42.44
T01187,C0366,2025-05-10,213.62
T01341,C0421,2025-06-24,218.12
T00659,C0202,2025-02-04,304.17
T01221,C0377,2025-05-04,186.73
T00733,C0224,2025-11-02,289.41
T00533,C0163,2025-02-07,159.16
T00648,C0199,2025-12-27,307.0
T00084,C0024,2025-12-07,256.24
T00804,C0241,2025-12-24,77.0
T00540,C0164,2025-04-24,33.06
T01925,C0582,2025-07-12,395.38
T01371,C0426,2025-11-18,228.26
T00241,C0072,2025-03-25,310.97
T00953,C0296,2025-10-14,337.42
T01757,C0530,2025-11-09,164.93
T01811,C0546,2025-02-24,59.91
T01938,C0589,2025-09-18,169.13
T00065,C0017,2025-05-16,188.08
T01490,C0463,2025-06-13,326.52
T01127,C0350,2025-01-16,209.23
T01529,C0473,2025-10-06,321.74
T01604,C0491,2025-07-05,266.05
T01974,C0599,2025-12-25,153.08
T01500,C0466,2025-07-28,366.05
T01583,C0483,2025-05-19,235.14
T00488,C0152,2025-09-27,132.38
T01750,C0530,2025-08-16,153.49
T01300,C0405,2025-08-15,290.65
T00519,C0160,2025-09-19,22.24
T00971,C0300,2025-06-21,119.63
T00137,C0045,2025-11-16,42.5
T00039,C0009,2025-03-22,15.69
T01828,C0551,2025-04-07,77.33
T01374,C0427,2025-05-10,98.61
T00363,C0108,2025-12-01,330.69
T00016,C0004,2025-02-25,128.78
T01309,C0409,2025-11-07,67.0
T01578,C0483,2025-10-27,52.83
T01739,C0527,2025-09-18,370.61
T01182,C0363,2025-09-13,217.53
T01279,C0400,2025-10-09,221.5
T01729,C0525,2025-05-19,196.42
T01232,C0380,2025-03-17,363.51
T01812,C0546,2025-05-20,27.17
T00690,C0212,2025-03-18,342.56
T00054,C0013,2025-06-27,218.02
T00969,C0300,2025-12-28,312.61
T00272,C0080,2025-03-10,17.22
T01258,C0390,2025-11-24,65.39
T00458,C0143,2025-03-15,349.48
T00076,C0021,2025-06-15,36.01
T00679,C0211,2025-12-23,137.58
T00878,C0266,2025-01-02,145.43
T01970,C0599,2025-03-16,45.78
T01579,C0483,2025-05-17,316.25
T01287,C0403,2025-11-08,30.96
T01793,C0543,2025-03-04,40.93
T01607,C0492,2025-08-27,42.0
T01720,C0522,2025-04-02,195.67
T00758,C0230,2025-09-21,100.06
T01132,C0350,2025-09-12,24.72
T00123,C0037,2025-02-16,391.23
T00420,C0127,2025-08-03,149.68
T00308,C0093,2025-12-20,169.85
T01972,C0599,2025-12-22,54.48
T00931,C0290,2025-10-09,185.0
T01022,C0316,2025-06-07,265.4
T01691,C0513,2025-02-20,304.54
T00265,C0079,2025-04-17,142.72
T01640,C0498,2025-05-18,59.39
T00633,C0195,2025-06-20,51.24
T01901,C0575,2025-03-06,382.23
T00069,C0019,2025-09-24,264.57
T01181,C0362,2025-12-03,168.39
T01753,C0530,2025-06-27,260.37
T00480,C0149,2025-02-22,329.39
T00106,C0032,2025-07-03,274.44
T00143,C0045,2025-08-20,47.08
T00409,C0126,2025-03-28,366.97
T01336,C0419,2025-10-19,303.11
T00269,C0080,2025-04-04,202.07
T00510,C0156,2025-05-06,396.33
T01438,C0447,2025-07-16,57.56
T01824,C0550,2025-06-11,31.52
T01611,C0493,2025-12-26,157.95
T01609,C0493,2025-09-24,332.0
T01511,C0468,2025-03-26,164.18
T00173,C0053,2025-08-14,135.03
T01293,C0404,2025-05-17,267.63
T01241,C0383,2025-06-24,74.63
T00423,C0129,2025-11-25,138.87
T01365,C0426,2025-10-13,98.53
T00252,C0078,2025-03-18,191.63
T00201,C0060,2025-04-10,342.17
T01525,C0471,2025-09-23,65.92
T00801,C0240,2025-04-11,342.69
T01954,C0594,2025-10-08,326.82
T01709,C0520,2025-08-27,125.44
T01617,C0493,2025-08-25,360.14
T00266,C0080,2025-04-11,346.68
T00727,C0224,2025-05-19,73.98
T00917,C0284,2025-04-08,331.36
T00632,C0195,2025-04-17,60.87
T00821,C0245,2025-02-13,209.61
T01964,C0597,2025-08-15,224.89
T00863,C0260,2025-08-19,126.98
T00674,C0208,2025-09-03,98.55
T00784,C0236,2025-04-27,19.26
T01319,C0412,2025-01-15,345.65
T01922,C0581,2025-02-01,222.18
T01031,C0320,2025-06-04,31.21
T00906,C0278,2025-08-08,122.29
T01603,C0490,2025-10-13,121.32
T01077,C0332,2025-05-17,112.63
T01301,C0406,2025-09-21,343.83
T00214,C0063,2025-03-01,157.57
T00694,C0213,2025-09-26,233.14
T01907,C0577,2025-06-20,296.16
T00443,C0136,2025-06-22,75.47
T00628,C0193,2025-04-06,311.89
T00970,C0300,2025-12-01,272.97
T00202,C0060,2025-02-08,333.81
T01048,C0324,2025-08-14,385.35
T01367,C0426,2025-03-08,177.58
T01001,C0311,2025-08-20,240.31
T00192,C0056,2025-08-04,356.66
T00271,C0080,2025-12-03,386.43
T00388,C0118,2025-02-07,108.64
T01299,C0404,2025-05-08,34.75
T00808,C0242,2025-12-07,319.05
T00179,C0055,2025-11-01,114.66
T01645,C0502,2025-10-13,285.29
T00425,C0130,2025-04-22,24.57
T00028,C0007,2025-08-17,83.82
T00365,C0108,2025-03-12,386.34
T01952,C0593,2025-10-14,151.49
T01245,C0386,2025-11-03,99.3
T01271,C0394,2025-11-24,305.93
T00339,C0100,2025-08-18,204.4
T00979,C0303,2025-12-15,292.12
T00593,C0176,2025-10-16,194.64
T00560,C0167,2025-10-14,312.54
T01885,C0571,2025-11-17,69.69
T01675,C0506,2025-11-24,332.09
T00024,C0007,2025-07-02,239.83
T00796,C0239,2025-10-26,270.25
T01313,C0410,2025-11-21,315.06
T01485,C0461,2025-03-23,392.76
T00422,C0129,2025-03-26,102.93
T00636,C0196,2025-12-13,239.08
T00035,C0007,2025-11-27,25.39
T01062,C0328,2025-12-16,377.84
T01535,C0473,2025-12-03,152.79
T01410,C0437,2025-04-21,152.84
T00181,C0055,2025-05-20,187.23
T01749,C0530,2025-10-05,202.57
T01727,C0524,2025-09-04,302.4
T01762,C0533,2025-06-02,299.12
T01865,C0565,2025-08-11,202.34
T01911,C0580,2025-01-21,245.43
T00693,C0212,2025-08-27,214.67
T01268,C0394,2025-03-12,194.25
T01565,C0481,2025-05-10,374.09
T01343,C0421,2025-03-19,179.99
T00775,C0234,2025-11-26,326.65
T01800,C0545,2025-03-07,215.36
T00729,C0224,2025-01-15,102.18
T01532,C0473,2025-06-16,362.02
T00964,C0298,2025-02-13,280.1
T00483,C0151,2025-02-06,281.25
T01041,C0320,2025-12-12,272.63
T01556,C0479,2025-01-18,257.32
T01338,C0420,2025-04-23,249.05
T00869,C0263,2025-11-27,357.74
T00548,C0165,2025-11-01,370.62
T01349,C0422,2025-05-14,141.05
T01627,C0494,2025-07-10,55.54
T00705,C0214,2025-11-16,151.2
T01153,C0356,2025-04-24,351.01
T00511,C0156,2025-11-12,147.97
T00896,C0272,2025-07-12,255.84
T01564,C0481,2025-02-23,220.48
T00349,C0105,2025-07-12,350.82
T00697,C0213,2025-06-27,55.81
T00868,C0262,2025-01-15,290.57
T01808,C0546,2025-01-16,52.28
T01354,C0425,2025-01-16,304.27
T01145,C0355,2025-02-07,285.05
T01799,C0544,2025-02-06,75.13
T01571,C0482,2025-04-02,226.62
T01106,C0344,2025-09-01,64.71
T01596,C0490,2025-07-17,16.53
T00891,C0271,2025-10-11,348.73
T00208,C0062,2025-04-07,168.47
T01347,C0422,2025-04-18,52.59
T01610,C0493,2025-06-12,273.69
T00108,C0033,2025-09-10,42.02
T01501,C0466,2025-03-14,251.38
T01928,C0584,2025-03-20,47.33
T01547,C0476,2025-01-19,174.4
T01172,C0359,2025-07-20,260.1
T01620,C0494,2025-08-05,383.29
T00515,C0158,2025-04-10,238.52
T01100,C0341,2025-09-07,306.44
T00023,C0006,2025-07-25,115.07
T01719,C0522,2025-06-01,318.25
T00191,C0056,2025-07-19,61.82
T01540,C0474,2025-10-24,110.15
T01779,C0540,2025-08-01,381.95
T00008,C0001,2025-08-19,370.53
T01092,C0338,2025-08-02,107.08
T00364,C0108,2025-06-09,284.0
T01737,C0527,2025-03-05,273.6
T00872,C0265,2025-09-14,254.47
T00198,C0058,2025-10-24,320.59
T01229,C0379,2025-08-23,248.56
T00814,C0244,2025-12-25,205.48
T01114,C0346,2025-07-07,247.3
T01465,C0450,2025-08-22,151.94
T01177,C0360,2025-11-26,283.38
T00149,C0048,2025-09-24,275.8
T01139,C0354,2025-02-07,22.42
T00056,C0014,2025-10-02,362.1
T00708,C0214,2025-11-04,237.68
T01466,C0451,2025-08-05,329.08
T00919,C0286,2025-10-28,361.83
T00754,C0229,2025-01-15,197.02
T00716,C0220,2025-01-08,238.55
T00081,C0022,2025-09-04,82.56
T00460,C0144,2025-10-24,306.47
T01769,C0537,2025-03-10,258.92
T00748,C0227,2025-11-22,120.81
T01344,C0421,2025-05-27,114.43
T01250,C0387,2025-05-18,159.15
T00977,C0302,2025-04-22,253.0
T00426,C0130,2025-05-01,197.67
T01422,C0442,2025-07-03,89.91
T00654,C0200,2025-08-06,118.83
T01392,C0435,2025-04-11,165.36
T00049,C0011,2025-07-28,194.17
T00940,C0292,2025-03-12,339.35
T00618,C0187,2025-02-16,353.58
T00103,C0030,2025-04-28,141.64
T01741,C0528,2025-02-13,284.01
T01514,C0468,2025-02-27,140.25
T01463,C0449,2025-08-22,71.1
T01380,C0430,2025-06-11,35.93
T00376,C0112,2025-07-07,317.25
T00072,C0020,2025-03-15,143.66
T00568,C0170,2025-02-19,377.87
T00249,C0077,2025-01-20,64.47
T01443,C0447,2025-06-10,292.22
T00637,C0196,2025-04-10,29.56
T01694,C0514,2025-03-23,236.47
T00246,C0075,2025-02-25,153.31
T00968,C0300,2025-01-11,82.28
T00736,C0224,2025-03-04,322.3
T01655,C0504,2025-01-05,204.05
T01204,C0372,2025-01-12,125.53
T00737,C0224,2025-10-15,159.63
T01742,C0529,2025-06-15,126.04
T00532,C0163,2025-07-03,249.34
T00950,C0296,2025-06-04,78.94
T00207,C0062,2025-11-11,106.39
T01802,C0545,2025-10-17,112.72
T00454,C0141,2025-06-10,389.37
T01647,C0503,2025-02-12,307.44
T00395,C0120,2025-05-04,352.25
T01754,C0530,2025-01-04,284.12
T01052,C0325,2025-10-03,133.47
T01573,C0483,2025-05-26,278.22
T01509,C0467,2025-08-18,307.54
T01134,C0351,2025-06-22,172.94
T00231,C0069,2025-03-10,208.25
T00235,C0069,2025-02-12,333.44
T01398,C0436,2025-03-12,301.4
T01568,C0481,2025-08-19,282.87
T00741,C0226,2025-11-19,332.1
T00760,C0230,2025-09-13,177.2
T01093,C0338,2025-04-13,339.41
T01290,C0404,2025-09-16,67.19
T01562,C0480,2025-09-26,136.24
T01190,C0367,2025-02-20,335.3
T00370,C0109,2025-12-28,319.69
T01702,C0516,2025-09-07,84.63
T00713,C0217,2025-01-27,295.92
T00664,C0206,2025-02-25,58.64
T00380,C0114,2025-12-16,299.37
T00209,C0062,2025-07-26,187.14
T00743,C0226,2025-10-10,213.77
T00993,C0307,2025-11-25,196.26
T01622,C0494,2025-07-11,167.34
T00473,C0147,2025-06-26,139.08
T00580,C0175,2025-01-01,283.99
T01634,C0496,2025-08-13,231.78
T01857,C0561,2025-12-10,47.85
T01576,C0483,2025-06-13,325.53
T00852,C0255,2025-12-10,206.45
T00880,C0267,2025-06-14,46.83
T01144,C0355,2025-06-14,296.98
T01955,C0595,2025-08-28,319.43
T01563,C0481,2025-06-14,51.58
T01121,C0350,2025-12-13,174.43
T00222,C0067,2025-10-03,61.92
T01940,C0590,2025-09-20,86.88
T01527,C0471,2025-01-22,315.34
T01904,C0576,2025-07-09,210.31
T00562,C0168,2025-02-27,53.39
T01393,C0435,2025-12-28,35.39
T01162,C0357,2025-05-17,272.1
T01000,C0311,2025-08-18,39.58
T00111,C0034,2025-07-01,202.46
T01770,C0538,2025-02-18,113.55
T00645,C0198,2025-03-21,41.03
T00573,C0172,2025-04-20,146.52
T00769,C0231,2025-11-19,362.42
T00703,C0214,2025-08-25,327.61
T01421,C0442,2025-09-01,75.41
T00828,C0248,2025-12-21,380.88
T00032,C0007,2025-05-01,133.49
T01733,C0527,2025-10-06,105.37
T00011,C0001,2025-02-08,168.22
T01918,C0580,2025-11-24,72.02
T00893,C0272,2025-12-21,176.63
T00438,C0135,2025-09-05,17.14
T00503,C0155,2025-03-07,116.84
T00338,C0100,2025-12-04,158.33
T00728,C0224,2025-12-20,275.14
T01820,C0549,2025-11-10,277.53
T01011,C0313,2025-03-27,151.67
T00558,C0167,2025-01-02,54.15
T01078,C0333,2025-08-17,303.18
T01761,C0532,2025-01-18,374.66
T01936,C0588,2025-02-17,352.62
T00590,C0176,2025-12-13,366.15
T01746,C0529,2025-06-20,56.93
T00059,C0015,2025-06-24,173.05
T00074,C0021,2025-02-21,361.99
T00591,C0176,2025-08-18,91.54
T00875,C0265,2025-01-28,381.93
T00600,C0178,2025-11-03,191.99
T01433,C0445,2025-04-04,63.51
T00691,C0212,2025-04-15,93.69
T00257,C0079,2025-03-23,59.51
T01826,C0551,2025-06-24,260.37
T01259,C0390,2025-10-09,355.83
T00957,C0296,2025-05-01,52.2
T01654,C0503,2025-05-01,57.95
T01778,C0540,2025-10-11,287.52
T01159,C0356,2025-05-15,66.18
T01897,C0575,2025-02-03,148.31
T01512,C0468,2025-02-27,250.83
T00386,C0117,2025-04-12,397.67
T00890,C0271,2025-05-27,55.6
T00449,C0140,2025-07-03,160.17
T00043,C0011,2025-09-26,114.96
T00721,C0222,2025-11-08,37.32
T01819,C0549,2025-01-21,388.92
T00176,C0054,2025-11-22,344.88
T00976,C0302,2025-12-12,298.35
T01850,C0558,2025-02-11,261.43
T01877,C0568,2025-12-15,165.95
T00955,C0296,2025-01-13,120.48
T01396,C0436,2025-12-09,289.71
T01822,C0550,2025-05-11,84.21
T00824,C0246,2025-08-23,387.35
T00718,C0220,2025-11-11,269.88
T00383,C0116,2025-02-25,281.64
T00064,C0016,2025-10-27,110.93
T00342,C0101,2025-05-17,142.82
T00695,C0213,2025-04-15,243.8
T01334,C0418,2025-11-14,364.29
T00972,C0300,2025-04-07,201.01
T01787,C0541,2025-11-08,264.0
T01297,C0404,2025-03-20,72.83
T00492,C0153,2025-02-12,228.45
T01381,C0431,2025-05-26,75.9
T00415,C0126,2025-04-22,240.69
T00417,C0126,2025-07-26,28.92
T00732,C0224,2025-07-13,327.25
T00187,C0056,2025-01-18,309.74
T00287,C0083,2025-07-21,156.96
T01625,C0494,2025-09-23,246.63
T00002,C0001,2025-08-19,212.61
T00725,C0223,2025-09-06,359.15
T01029,C0319,2025-08-10,88.53
T00197,C0058,2025-12-03,326.21
T01249,C0387,2025-07-13,337.09
T01424,C0442,2025-04-25,174.14
T01969,C0598,2025-02-26,161.55
T00720,C0222,2025-05-02,249.84
T00013,C0002,2025-10-20,235.46
T01765,C0535,2025-05-28,197.05
T01027,C0317,2025-04-15,30.73
T00490,C0152,2025-10-18,334.45
T01771,C0539,2025-08-11,274.78
T00862,C0260,2025-01-25,152.17
T01613,C0493,2025-07-14,59.08
T00289,C0085,2025-01-14,304.32
T00927,C0287,2025-11-23,260.33
T01171,C0359,2025-12-28,148.49
T00806,C0242,2025-04-01,269.14
T01878,C0568,2025-11-02,132.38
T00414,C0126,2025-05-06,56.2
T01764,C0535,2025-06-28,35.57
T00189,C0056,2025-04-25,343.39
T00169,C0051,2025-12-07,61.77
T00355,C0107,2025-07-07,30.66
T00079,C0021,2025-01-12,311.76
T01832,C0552,2025-08-15,369.79
T00029,C0007,2025-08-24,356.34
T00873,C0265,2025-08-21,203.01
T00332,C0100,2025-03-18,282.3
T00696,C0213,2025-07-05,202.16
T01016,C0315,2025-11-19,292.97
T01154,C0356,2025-03-23,324.19
T01431,C0444,2025-07-23,29.33
T00997,C0309,2025-12-08,218.87
T00303,C0092,2025-02-13,81.56
T01361,C0425,2025-09-18,258.55
T01595,C0489,2025-01-28,251.49
T01155,C0356,2025-10-20,361.71
T00205,C0062,2025-11-16,334.89
T01912,C0580,2025-10-24,224.31
T00669,C0208,2025-08-15,283.97
T01325,C0414,2025-09-05,150.42
T01533,C0473,2025-10-02,59.36
T01051,C0325,2025-06-25,35.65
T00547,C0165,2025-08-27,397.62
T00092,C0027,2025-09-27,107.43
T00267,C0080,2025-08-21,395.6
T01919,C0580,2025-05-01,88.01
T00136,C0044,2025-11-03,203.69
T00553,C0167,2025-12-28,46.74
T00973,C0301,2025-08-24,225.68
T00251,C0078,2025-07-20,386.25
T00722,C0222,2025-08-22,254.77
T01495,C0466,2025-06-08,104.47
T01360,C0425,2025-03-16,162.79
T01862,C0564,2025-06-12,386.22
T00986,C0306,2025-03-11,59.76
T00778,C0234,2025-11-04,298.17
T01488,C0463,2025-06-27,398.76
T01369,C0426,2025-12-04,221.27
T00980,C0304,2025-10-14,85.25
T01304,C0407,2025-05-28,320.13
T00394,C0119,2025-09-27,254.16
T00554,C0167,2025-11-19,138.32
T01339,C0421,2025-09-15,310.54
T00799,C0239,2025-06-13,313.94
T01213,C0376,2025-01-05,236.94
T00622,C0189,2025-05-22,229.69
T00220,C0067,2025-06-27,59.6
T01809,C0546,2025-06-24,341.46
T00070,C0019,2025-03-24,61.74
T00624,C0190,2025-08-09,359.95
T01023,C0317,2025-03-28,111.85
T01830,C0551,2025-08-13,75.38
T01477,C0456,2025-07-16,77.73
T00412,C0126,2025-12-11,392.19
T01473,C0455,2025-03-21,275.77
T01875,C0567,2025-03-18,315.19
T00832,C0250,2025-12-13,274.87
T01070,C0332,2025-05-15,76.21
T01538,C0474,2025-06-16,49.74
T00916,C0284,2025-01-28,78.55
T01447,C0447,2025-09-16,23.81
T00656,C0200,2025-06-18,90.57
T00098,C0028,2025-04-23,389.3
T01419,C0441,2025-04-20,201.74
T00995,C0307,2025-06-20,272.78
T00242,C0072,2025-09-13,171.01
T00296,C0088,2025-12-28,312.95
T01157,C0356,2025-04-09,26.35
T00113,C0034,2025-08-22,75.06
T01681,C0510,2025-04-01,172.5
T00145,C0046,2025-02-09,93.26
T00445,C0137,2025-09-22,213.56
T01492,C0464,2025-09-16,75.12
T01923,C0582,2025-11-25,288.93
T01458,C0449,2025-01-19,254.69
T00505,C0155,2025-11-26,279.66
T01420,C0442,2025-06-06,243.16
T01913,C0580,2025-01-02,119.0
T01639,C0498,2025-07-15,34.36
T01530,C0473,2025-11-05,258.21
T00311,C0095,2025-03-24,75.5
T00874,C0265,2025-10-20,275.65
T01580,C0483,2025-11-05,248.26
T01788,C0541,2025-05-09,53.91
T01383,C0431,2025-06-16,65.96
T01506,C0467,2025-01-25,281.09
T01071,C0332,2025-09-03,262.86
T00331,C0100,2025-09-16,236.37
T01475,C0456,2025-12-06,206.26
T01188,C0367,2025-05-21,234.06
T00496,C0154,2025-08-13,84.51
T00017,C0004,2025-03-03,324.28
T00178,C0055,2025-07-20,101.79
T01370,C0426,2025-09-03,21.69
T00586,C0175,2025-12-03,114.42
T01801,C0545,2025-08-01,200.45
T01715,C0521,2025-11-14,186.85
T01192,C0369,2025-04-02,300.89
T00508,C0155,2025-09-17,186.2
T01889,C0571,2025-05-06,146.21
T01471,C0454,2025-05-26,58.67
T01280,C0401,2025-07-27,194.7
T01513,C0468,2025-11-19,229.67
T01223,C0378,2025-09-16,354.44
T01004,C0312,2025-02-09,43.67
T00520,C0160,2025-12-10,44.49
T01151,C0356,2025-04-25,159.77
T01886,C0571,2025-02-13,85.4
T01698,C0515,2025-01-10,54.08
T00797,C0239,2025-04-14,60.88
T01497,C0466,2025-10-25,135.1
T00348,C0104,2025-06-16,327.49
T01966,C0598,2025-06-24,399.82
T01324,C0413,2025-11-27,290.43
T00389,C0118,2025-12-08,319.38
T00305,C0093,2025-04-25,70.75
T01366,C0426,2025-03-08,186.99
T01534,C0473,2025-10-27,227.42
T00571,C0170,2025-12-04,148.36
T00502,C0155,2025-05-05,273.19
T01376,C0427,2025-02-22,48.97
T00803,C0241,2025-11-10,266.04
T00879,C0267,2025-04-23,249.75
T00174,C0053,2025-09-17,202.12
T01626,C0494,2025-04-16,384.8
T01478,C0457,2025-09-07,267.76
T01296,C0404,2025-05-25,78.85
T01711,C0520,2025-02-15,229.34
T01960,C0597,2025-07-07,284.07
T01238,C0383,2025-10-19,113.63
T01482,C0459,2025-03-17,317.7
T01375,C0427,2025-07-18,133.84
T01539,C0474,2025-04-25,294.68
T01063,C0328,2025-03-03,193.78
T00258,C0079,2025-12-08,326.8
T01814,C0546,2025-05-02,386.73
T00431,C0133,2025-07-23,349.44
T01487,C0463,2025-06-04,159.67
T00709,C0214,2025-09-14,357.5
T00762,C0230,2025-12-23,202.88
T01784,C0541,2025-11-12,226.71
T01898,C0575,2025-02-25,386.35
T00164,C0051,2025-03-07,122.5
T01600,C0490,2025-04-05,326.21
T00881,C0267,2025-06-19,139.43
T01508,C0467,2025-04-19,200.59
T01782,C0540,2025-10-28,227.22
T00475,C0148,2025-02-16,254.52
T01550,C0477,2025-04-13,33.01
T01394,C0436,2025-01-17,233.16
T01978,C0600,2025-02-25,101.09
T00990,C0306,2025-11-07,98.26
T00525,C0163,2025-06-07,139.02
T01053,C0325,2025-10-08,89.94
T01277,C0399,2025-12-08,303.99
T01926,C0583,2025-08-09,324.19
T00903,C0277,2025-07-12,294.02
T00439,C0135,2025-08-03,244.91
T01570,C0481,2025-12-02,219.61
T00710,C0215,2025-10-16,338.76
T00942,C0292,2025-06-24,377.72
T00026,C0007,2025-07-14,34.78
T00140,C0045,2025-01-15,45.52
T00635,C0196,2025-11-04,86.89
T01871,C0566,2025-06-15,151.54
T01086,C0336,2025-05-21,317.27
T00372,C0110,2025-04-09,302.33
T00994,C0307,2025-07-14,29.56
T01656,C0504,2025-07-03,15.12
T00700,C0213,2025-11-26,223.45
T01856,C0560,2025-06-08,332.55
T00448,C0139,2025-05-22,183.47
T00871,C0264,2025-05-01,302.96
T00288,C0084,2025-01-06,85.3
T01941,C0590,2025-01-10,268.03
T00290,C0085,2025-01-14,90.96
T00325,C0098,2025-08-28,64.87
T00938,C0292,2025-12-06,291.62
T00531,C0163,2025-02-24,200.56
T01210,C0376,2025-09-20,51.2
T01867,C0566,2025-12-10,175.37
T01592,C0487,2025-06-13,397.76
T00405,C0124,2025-03-15,372.76
T01557,C0479,2025-10-10,186.77
T01202,C0372,2025-03-07,348.08
T00500,C0155,2025-11-18,250.9
T00776,C0234,2025-08-24,250.31
T00387,C0118,2025-12-26,300.32
T01957,C0595,2025-09-03,272.56
T01267,C0393,2025-07-17,103.45
T00374,C0111,2025-07-26,118.06
T00453,C0140,2025-01-26,224.49
T00229,C0069,2025-02-02,129.94
T00960,C0297,2025-07-04,53.48
T01962,C0597,2025-04-01,323.17
T01109,C0344,2025-08-02,310.03
T01263,C0391,2025-05-13,146.7
T01108,C0344,2025-05-09,281.2
T01123,C0350,2025-07-02,144.06
T00062,C0016,2025-05-10,290.09
T00042,C0011,2025-03-17,239.48
T01660,C0504,2025-08-21,131.3
T01521,C0469,2025-02-09,146.97
T00005,C0001,2025-01-20,123.42
T01411,C0438,2025-10-25,42.6
T01133,C0351,2025-09-12,53.32
T00120,C0036,2025-09-15,156.77
T00190,C0056,2025-08-21,270.77
T01462,C0449,2025-12-05,342.77
T01704,C0517,2025-07-17,368.5
T01269,C0394,2025-11-01,323.03
T01222,C0378,2025-07-21,237.66
T00961,C0297,2025-11-01,387.36
T01097,C0340,2025-03-28,287.43
T01612,C0493,2025-12-12,277.38
T01863,C0564,2025-05-11,22.5
T01113,C0346,2025-05-04,50.83
T00162,C0050,2025-07-16,358.74
T01007,C0313,2025-07-02,325.3
T00956,C0296,2025-11-10,91.68
T00053,C0012,2025-10-10,333.66
T00377,C0112,2025-06-25,396.98
T00781,C0234,2025-03-10,50.88
T00393,C0119,2025-10-05,151.78
T00537,C0164,2025-12-24,70.19
T01768,C0536,2025-06-07,335.7
T00665,C0207,2025-09-27,208.19
T00110,C0034,2025-09-21,244.19
T01713,C0521,2025-08-19,280.54
T00657,C0201,2025-03-05,28.05
T00839,C0252,2025-08-07,36.82
T01591,C0486,2025-11-27,89.0
T01931,C0584,2025-02-28,359.78
T00327,C0099,2025-07-15,369.28
T01195,C0370,2025-12-06,28.97
T00750,C0228,2025-04-14,334.03
T00907,C0279,2025-07-20,379.22
T00493,C0154,2025-04-02,39.75
T01582,C0483,2025-05-23,391.03
T01971,C0599,2025-04-23,261.0
T00719,C0221,2025-11-04,191.82
T00761,C0230,2025-02-04,220.74
T00018,C0005,2025-08-19,104.52
T01289,C0404,2025-11-01,36.78
T00172,C0052,2025-07-16,146.68
T01470,C0454,2025-06-10,386.55
T00686,C0211,2025-11-20,321.64
T01854,C0560,2025-02-03,164.78
T01216,C0376,2025-11-02,377.21
T00146,C0046,2025-04-27,266.21
T00457,C0143,2025-08-04,349.6
T01586,C0484,2025-04-14,196.32
T01667,C0506,2025-08-28,248.08
T01047,C0323,2025-02-22,213.96
T00826,C0247,2025-01-25,316.22
T00161,C0050,2025-12-05,201.86
T01950,C0592,2025-06-12,204.93
T01056,C0327,2025-10-09,126.44
T01763,C0534,2025-01-22,255.15
T01933,C0586,2025-05-28,354.1
T00452,C0140,2025-01-18,176.3
T00604,C0180,2025-03-04,215.68
T01083,C0336,2025-10-09,333.01
T00183,C0056,2025-02-18,244.42
T00168,C0051,2025-08-24,328.26
T01628,C0495,2025-08-18,270.39
T01914,C0580,2025-07-02,103.42
T00114,C0034,2025-10-03,242.36
T01789,C0542,2025-03-15,92.56
T01921,C0580,2025-03-26,241.57
T01963,C0597,2025-10-05,322.7
T00274,C0080,2025-10-24,223.3
T00704,C0214,2025-07-15,129.26
T00301,C0091,2025-12-23,344.82
T00989,C0306,2025-01-05,350.3
T01546,C0476,2025-10-08,321.3
T01672,C0506,2025-09-22,199.05
T01074,C0332,2025-11-04,73.97
T00904,C0277,2025-10-20,190.24
T00186,C0056,2025-07-16,357.31
T00461,C0144,2025-12-28,18.31
T01629,C0496,2025-10-15,386.23
T00410,C0126,2025-09-21,340.94
T00167,C0051,2025-11-13,336.62
T01150,C0356,2025-06-05,378.85
T01253,C0388,2025-02-28,40.18
T00952,C0296,2025-10-11,353.63
T00675,C0209,2025-11-05,43.59
T01335,C0418,2025-11-04,93.24
T01035,C0320,2025-12-01,52.09
T01091,C0337,2025-07-11,222.62
T00088,C0026,2025-03-05,45.91
T01943,C0590,2025-09-02,304.0
T00354,C0107,2025-09-19,22.67
T00163,C0051,2025-06-18,172.01
T01518,C0468,2025-04-05,228.14
T01008,C0313,2025-10-14,329.2
T01977,C0599,2025-01-24,247.37
T00182,C0056,2025-05-24,54.05
T01690,C0513,2025-12-13,343.22
T00575,C0173,2025-03-22,233.51
T01724,C0523,2025-07-24,393.2
T01676,C0506,2025-03-02,83.09
T01683,C0510,2025-01-02,54.43
T01389,C0434,2025-04-17,62.18
T01460,C0449,2025-02-01,216.37
T00780,C0234,2025-10-20,24.48
T00047,C0011,2025-05-12,355.08
T01138,C0353,2025-01-07,398.9
T00295,C0087,2025-06-19,372.73
T00330,C0100,2025-04-17,206.43
T00827,C0247,2025-08-09,259.09
T01797,C0543,2025-03-25,167.35
T01484,C0461,2025-03-06,97.73
T01621,C0494,2025-10-18,358.17
T01581,C0483,2025-09-02,44.73
T01735,C0527,2025-11-22,133.16
T01199,C0371,2025-06-11,287.48
T01644,C0502,2025-02-02,21.12
T00188,C0056,2025-03-20,18.81
T01067,C0330,2025-09-10,98.55
T01060,C0328,2025-02-05,16.78
T01504,C0467,2025-07-15,291.5
T01193,C0369,2025-09-21,105.08
T01377,C0428,2025-06-23,258.53
T00228,C0069,2025-12-13,76.91
T00934,C0291,2025-01-18,59.65
T01122,C0350,2025-07-23,46.54
T00574,C0172,2025-10-27,327.55
T01807,C0546,2025-05-11,173.85
T00102,C0029,2025-12-13,148.16
T01848,C0557,2025-09-03,287.16
T00463,C0145,2025-11-28,159.67
T00958,C0296,2025-02-12,24.65
T00734,C0224,2025-02-01,311.68
T01266,C0393,2025-08-13,371.23
T00545,C0165,2025-07-03,313.88
T01818,C0548,2025-09-11,377.64
T01308,C0409,2025-02-11,293.97
T01080,C0334,2025-05-19,57.86
T00894,C0272,2025-06-05,150.39
T00446,C0138,2025-12-20,291.23
T00236,C0070,2025-11-01,123.43
T01005,C0312,2025-04-25,28.13
T00118,C0036,2025-02-23,203.5
T00121,C0036,2025-09-05,340.46
T00819,C0245,2025-05-15,199.17
T01087,C0336,2025-06-13,166.91
T00484,C0151,2025-02-04,165.7
T00509,C0155,2025-06-09,380.49
T01246,C0387,2025-01-07,114.05
T01385,C0433,2025-04-27,124.87
T01841,C0555,2025-11-04,211.3
T01379,C0429,2025-11-01,26.19
T00538,C0164,2025-02-01,178.05
T01642,C0500,2025-12-16,68.95
T00261,C0079,2025-12-15,61.85
T01937,C0589,2025-05-15,87.45
T00254,C0079,2025-04-28,175.63
T01560,C0479,2025-11-09,169.38
T01315,C0410,2025-08-12,135.1
T01180,C0361,2025-02-26,116.76
T01723,C0523,2025-09-20,157.26
T00152,C0048,2025-08-26,251.49
T01032,C0320,2025-06-16,228.22
T00739,C0225,2025-05-21,76.06
T01693,C0514,2025-03-14,356.02
T01024,C0317,2025-10-28,134.93
T01073,C0332,2025-05-11,353.87
T00631,C0194,2025-10-24,195.35
T01541,C0474,2025-09-14,230.23
T00067,C0018,2025-11-07,115.38
T00075,C0021,2025-09-08,31.16
T00262,C0079,2025-09-15,17.73
T01839,C0555,2025-07-23,348.28
T01670,C0506,2025-01-06,160.18
T00898,C0273,2025-02-07,59.5
T00247,C0076,2025-06-05,120.55
T01146,C0355,2025-09-17,248.92
T00309,C0094,2025-09-27,319.26
T00561,C0168,2025-03-18,34.71
T01388,C0434,2025-12-06,319.1
T00992,C0306,2025-11-05,192.7
T01025,C0317,2025-01-03,213.11
T00790,C0238,2025-03-07,388.08
T01454,C0449,2025-03-27,228.31
T00851,C0255,2025-08-19,94.35
T01095,C0339,2025-05-01,121.75
T00112,C0034,2025-12-04,98.36
T00350,C0106,2025-02-15,297.32
T01405,C0437,2025-04-25,177.31
T01219,C0376,2025-05-18,397.26
T00066,C0018,2025-08-26,383.28
T00237,C0070,2025-06-12,162.43
T00823,C0246,2025-05-05,16.16
T00740,C0225,2025-03-10,138.6
T00909,C0280,2025-03-18,60.12
T00610,C0182,2025-11-10,23.57
T00273,C0080,2025-05-22,52.4
T00116,C0034,2025-12-22,46.82
T01947,C0592,2025-09-06,137.44
T01303,C0407,2025-03-14,341.49
T00077,C0021,2025-07-28,206.63
T01924,C0582,2025-07-23,356.3
T00597,C0176,2025-06-15,46.86
T00555,C0167,2025-04-20,221.13
T01664,C0505,2025-12-23,259.43
T00268,C0080,2025-11-08,224.13
T01058,C0328,2025-11-08,124.62
T00444,C0136,2025-05-10,376.53
T01295,C0404,2025-10-23,248.23
T00100,C0029,2025-07-28,231.95
T01831,C0552,2025-03-11,282.47
T01112,C0345,2025-12-02,70.16
T01549,C0477,2025-01-07,68.75
T01951,C0593,2025-01-17,371.02
T01203,C0372,2025-10-14,77.15
T01915,C0580,2025-08-08,379.7
T01633,C0496,2025-06-11,192.36
T00335,C0100,2025-07-27,258.57
T00381,C0115,2025-02-05,19.36
T01772,C0539,2025-01-10,276.15
T00543,C0165,2025-05-11,287.82
T00450,C0140,2025-10-10,94.55
T00270,C0080,2025-05-25,190.04
T00240,C0071,2025-01-26,364.8
T01129,C0350,2025-09-21,317.19
T00579,C0175,2025-02-21,130.53
T01211,C0376,2025-05-13,168.92
T00319,C0096,2025-02-22,345.87
T01975,C0599,2025-02-05,137.58
T00041,C0011,2025-10-06,305.04
T01775,C0539,2025-04-19,228.24
T00641,C0196,2025-06-18,298.89
T00822,C0246,2025-06-16,27.86
T01255,C0389,2025-09-21,69.53
T01659,C0504,2025-06-22,81.02
T00793,C0238,2025-05-28,57.6
T01554,C0479,2025-04-08,285.05
T01902,C0576,2025-07-06,71.76
T01632,C0496,2025-04-04,252.46
T01270,C0394,2025-09-05,22.24
T00859,C0259,2025-06-02,279.68
T01598,C0490,2025-07-06,255.62
T01072,C0332,2025-03-26,52.84
T01899,C0575,2025-08-08,346.99
T01284,C0402,2025-08-04,202.38
T00010,C0001,2025-05-21,51.27
T01457,C0449,2025-06-14,65.33
T00343,C0101,2025-08-12,254.33
T00527,C0163,2025-04-21,203.5
T00846,C0253,2025-05-15,211.82
T01589,C0486,2025-12-24,198.73
T01119,C0348,2025-12-02,313.91
T01696,C0515,2025-05-19,67.1
T01558,C0479,2025-12-27,132.58
T00321,C0097,2025-06-01,367.34
T01260,C0390,2025-09-08,295.4
T01638,C0498,2025-07-24,242.69
T01648,C0503,2025-11-26,385.45
T00375,C0111,2025-08-25,124.52
T01362,C0426,2025-02-15,328.82
T01302,C0407,2025-02-04,257.05
T00566,C0169,2025-07-14,257.65
T00224,C0067,2025-10-24,375.31
T01868,C0566,2025-07-17,266.98
T00564,C0169,2025-03-19,293.32
T01358,C0425,2025-07-23,263.08
T01373,C0426,2025-06-16,64.15
T01516,C0468,2025-01-04,133.83
T00805,C0242,2025-09-22,302.48
T00367,C0108,2025-11-18,200.88
T01191,C0368,2025-09-01,147.92
T00613,C0184,2025-05-18,370.92
T01314,C0410,2025-02-14,214.03
T00895,C0272,2025-01-19,230.5
T00650,C0200,2025-01-22,206.81
T01065,C0328,2025-08-05,303.77
T00317,C0096,2025-11-04,184.54
T00688,C0211,2025-08-12,378.46
T00253,C0078,2025-08-05,287.59
T00470,C0146,2025-11-09,28.94
T00170,C0051,2025-04-27,73.97
T00627,C0193,2025-04-23,130.7
T00609,C0181,2025-12-03,338.26
T00286,C0083,2025-12-17,182.72
T00141,C0045,2025-07-06,332.18
T01318,C0412,2025-06-02,276.88
T01666,C0506,2025-03-25,295.63
T01469,C0453,2025-07-10,280.9
T01288,C0404,2025-05-17,215.43
T01489,C0463,2025-06-23,264.68
T01910,C0580,2025-06-18,299.38
T01459,C0449,2025-02-28,373.49
T01006,C0313,2025-08-18,227.04
T01170,C0359,2025-01-04,128.87
T00203,C0061,2025-11-26,145.19
T00218,C0066,2025-06-14,399.26
T00962,C0297,2025-08-25,325.74
T01684,C0510,2025-07-23,165.3
T01755,C0530,2025-10-09,218.34
T00521,C0161,2025-03-19,272.05
T01569,C0481,2025-04-08,27.02
T00682,C0211,2025-08-09,265.3
T00129,C0041,2025-01-02,317.03
T00093,C0027,2025-07-12,330.57
T00476,C0148,2025-08-24,180.69
T00165,C0051,2025-11-14,279.76
T01594,C0488,2025-02-11,74.24
T00048,C0011,2025-08-20,174.18
T00717,C0220,2025-10-01,162.77
T01337,C0420,2025-04-22,63.05
T01340,C0421,2025-04-20,63.79
T00057,C0014,2025-12-14,331.35
T00250,C0077,2025-12-25,79.26
T00130,C0042,2025-11-13,180.54
T01184,C0364,2025-08-23,90.82
T01233,C0381,2025-08-19,337.94
T01474,C0455,2025-12-10,50.92
T00861,C0260,2025-05-15,298.42
T00621,C0189,2025-10-11,102.79
T01356,C0425,2025-06-18,263.76
T00549,C0165,2025-07-11,112.37
T01499,C0466,2025-10-26,40.66
T01721,C0523,2025-04-11,130.98
T01174,C0359,2025-10-17,112.52
T00044,C0011,2025-08-05,372.99
T00524,C0162,2025-06-07,46.82
T01231,C0380,2025-07-13,125.07
T00877,C0266,2025-09-01,94.06
T00843,C0253,2025-08-13,121.92
T00981,C0304,2025-02-06,101.3
T00105,C0031,2025-11-08,184.87
T01502,C0466,2025-08-05,260.04
T01028,C0318,2025-02-26,145.22
T01400,C0437,2025-08-12,164.9
T00051,C0011,2025-09-06,392.47
T00080,C0021,2025-11-18,386.67
T01481,C0459,2025-09-07,20.91
T00486,C0152,2025-06-03,92.13
T00474,C0148,2025-03-26,227.17
T00759,C0230,2025-08-27,38.86
T01306,C0408,2025-08-11,96.53
T01780,C0540,2025-01-13,66.82
T00399,C0122,2025-09-28,320.59
T01892,C0574,2025-05-05,352.03
T00818,C0244,2025-07-01,125.64
T01323,C0413,2025-07-13,358.12
T01342,C0421,2025-04-08,382.08
T01332,C0417,2025-06-13,202.6
T01637,C0497,2025-05-19,158.99
T00497,C0154,2025-09-16,93.89
T00910,C0280,2025-04-08,191.08
T00230,C0069,2025-12-12,155.06
T01806,C0546,2025-10-01,231.1
T00518,C0159,2025-07-28,349.9
T01378,C0429,2025-04-22,50.31
T00807,C0242,2025-04-08,314.72
T01714,C0521,2025-04-01,237.66
T00897,C0273,2025-02-01,57.11
T01949,C0592,2025-06-09,214.1
T00403,C0123,2025-09-26,319.24
T00281,C0083,2025-06-25,123.69
T00373,C0111,2025-05-05,387.61
T00668,C0208,2025-04-20,119.7
T00795,C0238,2025-10-04,290.79
T01817,C0548,2025-01-16,212.46
T01330,C0416,2025-04-09,92.16
T01982,C0600,2025-04-09,335.11
T00672,C0208,2025-09-11,51.61
T00723,C0222,2025-12-24,277.23
T01104,C0343,2025-02-24,334.99
T01152,C0356,2025-08-28,173.77
T00535,C0163,2025-04-05,266.69
T01884,C0571,2025-10-07,375.96
T01030,C0320,2025-12-28,341.05
T01791,C0543,2025-08-22,133.29
T00494,C0154,2025-06-21,159.41
T00836,C0251,2025-01-10,263.11
T00392,C0119,2025-05-16,62.59
T00150,C0048,2025-05-18,172.82
T01461,C0449,2025-11-20,79.96
T01480,C0459,2025-07-03,350.82
T00742,C0226,2025-08-11,145.77
T00468,C0146,2025-01-26,170.36
T00302,C0091,2025-11-04,306.97
T00055,C0014,2025-03-28,357.08
T01946,C0592,2025-12-22,25.37
T01855,C0560,2025-08-19,176.22
T01322,C0412,2025-05-19,271.06
T00663,C0205,2025-06-21,219.34
T00711,C0215,2025-07-12,144.62
T01880,C0570,2025-11-13,352.5
T00441,C0136,2025-02-18,211.99
T00151,C0048,2025-07-15,172.13
T00456,C0142,2025-05-18,272.44
T00939,C0292,2025-11-05,184.03
T00398,C0122,2025-12-04,143.53
T00357,C0107,2025-01-23,46.02
T00352,C0106,2025-06-26,331.57
T01350,C0423,2025-09-06,286.72
T00849,C0254,2025-03-21,161.7
T00465,C0145,2025-09-12,45.59
T01786,C0541,2025-11-03,373.31
T00171,C0052,2025-12-23,52.97
T01893,C0574,2025-10-27,166.99
T00607,C0181,2025-04-25,92.04
T00620,C0188,2025-05-08,233.47
T00687,C0211,2025-10-25,226.57
T01273,C0395,2025-04-17,250.68
T01037,C0320,2025-01-20,236.13
T00528,C0163,2025-07-14,235.77
T00991,C0306,2025-06-13,95.74
T01194,C0370,2025-07-26,115.4
T00021,C0005,2025-11-04,141.85
T01118,C0348,2025-06-10,104.15
T01395,C0436,2025-07-02,351.57
T00160,C0050,2025-06-02,189.98
T01099,C0341,2025-11-22,397.87
T00913,C0282,2025-05-20,146.88
T01098,C0341,2025-08-15,180.98
T01434,C0445,2025-12-08,120.06
T00432,C0133,2025-05-20,251.24
T01689,C0512,2025-11-01,313.24
T01965,C0598,2025-01-12,63.61
T01983,C0600,2025-03-04,331.87
T00735,C0224,2025-11-21,275.05
T00920,C0286,2025-12-10,166.87
T01307,C0409,2025-05-11,24.96
T01214,C0376,2025-07-14,271.75
T01456,C0449,2025-11-24,222.7
T01468,C0453,2025-12-02,150.57
T00845,C0253,2025-09-07,72.2
T00038,C0008,2025-12-28,255.21
T00091,C0027,2025-05-14,163.34
T01510,C0467,2025-07-10,373.23
T00291,C0086,2025-10-16,23.42
T00034,C0007,2025-06-11,186.48
T01861,C0563,2025-12-13,362.04
T00811,C0242,2025-06-28,248.29
T00396,C0121,2025-03-05,326.5
T01450,C0448,2025-05-28,37.41
T00829,C0248,2025-02-11,272.22
T01935,C0587,2025-12-07,206.94
T01777,C0540,2025-03-28,198.63
T01736,C0527,2025-05-11,121.48
T01156,C0356,2025-03-04,111.4
T00094,C0027,2025-05-17,139.98
T00644,C0197,2025-11-10,58.78
T01169,C0359,2025-08-13,103.11
T01900,C0575,2025-04-06,125.93
T00119,C0036,2025-09-09,21.29
T01286,C0403,2025-06-09,349.21
T00085,C0025,2025-09-20,147.38
T00765,C0230,2025-03-25,362.52
T00099,C0028,2025-01-13,120.8
T00472,C0147,2025-02-09,134.88
T00552,C0166,2025-04-26,331.21
T00945,C0294,2025-12-10,112.85
T01274,C0396,2025-04-13,58.38
